2,0,0,2.02269,31.7843,1
2,0.002435,0.216279,2.03363,31.7843,2
2,0.00282833,0.434057,2.04862,31.7843,3
2,0.00324,0.595783,2.06325,31.7843,4
2,0.00344833,0.704158,2.07457,31.7843,5
2,0.00363,0.81183,2.08707,31.7843,6
2,0.00384333,0.920705,2.10068,31.7843,7
2,0.00405667,1.02738,2.11507,31.7843,8
2,0.00425333,1.13652,2.13058,31.7843,9
2,0.00447,1.24356,2.14659,31.7843,10
2,0.00471167,1.35172,2.16357,31.7843,11
2,0.00492333,1.45946,2.18095,31.7843,12
2,0.00512,1.56758,2.19895,31.7843,13
2,0.00532833,1.67682,2.21755,31.7843,14
2,0.00553833,1.78279,2.23628,31.7843,15
2,0.00571833,1.89176,2.25561,31.7843,16
2,0.00593167,1.99973,2.27532,31.7843,17
2,0.006145,2.10787,2.29497,31.7843,18
2,0.00635833,2.21492,2.31483,31.7843,19
2,0.00655833,2.26944,2.32487,31.7843,20
2,0.00673833,2.37843,2.34503,31.7843,21
2,0.00695167,2.48721,2.36513,31.7843,22
2,0.007165,2.5932,2.38537,31.7843,23
2,0.00737833,2.70182,2.40546,31.7843,24
2,0.00757333,2.81012,2.42546,31.7843,25
2,0.00778333,2.91855,2.44538,31.7843,26
2,0.00799,3.02585,2.46498,31.7843,27
2,0.00820167,3.13411,2.48409,31.7843,28
2,0.00840333,3.2434,2.50292,31.7843,29
2,0.00861167,3.35241,2.5209,31.7843,30
2,0.00882,3.45931,2.53838,31.7843,31
2,0.00900167,3.56689,2.55477,31.7843,32
2,0.00921667,3.67599,2.57015,31.7843,33
2,0.00962167,3.83659,2.59164,31.7843,34
2,0.00983833,3.94538,2.60472,31.7843,35
2,0.0100483,4.05359,2.61707,31.7843,36
2,0.01023,4.16183,2.62836,31.7843,37
2,0.0104417,4.27079,2.63907,31.7843,38
2,0.0108517,4.48656,2.65851,31.7843,39
2,0.0112417,4.70178,2.67565,31.7843,40
2,0.01168,4.91809,2.69116,31.7843,41
2,0.0120917,5.08086,2.70193,31.7843,42
2,0.012485,5.29738,2.71537,31.7843,43
2,0.013065,5.35112,2.72611,31.7843,44
2,0.01424,5.35165,2.73668,31.7409,45
2,0.0160033,5.35085,2.74744,31.7409,46
2,0.0180133,5.35115,2.75774,31.7409,47
2,0.01999,5.40438,2.76804,31.7409,48
2,0.0225417,5.4044,2.77889,31.7409,49
2,0.0252683,5.40461,2.78957,31.7409,50
2,0.02821,5.40469,2.80025,31.7409,51
2,0.0310917,5.40499,2.81061,31.7409,52
2,0.03423,5.40575,2.8209,31.7409,53
2,0.0375383,5.40481,2.83143,31.7409,54
2,0.0410517,5.40544,2.84212,31.7409,55
2,0.0445733,5.40516,2.85227,31.7409,56
2,0.0482683,5.40385,2.86262,31.7409,57
2,0.052215,5.40508,2.87297,31.7409,58
2,0.056325,5.4039,2.88303,31.7409,59
2,0.0605917,5.40351,2.89336,31.7409,60
2,0.06507,5.40363,2.90371,31.7409,61
2,0.0650717,5.40363,2.90371,31.7289,62
2,0.0697633,5.40336,2.91401,31.7289,63
2,0.0746133,5.40315,2.92407,31.7289,64
2,0.079715,5.40317,2.93417,31.7289,65
2,0.084995,5.40402,2.94448,31.7289,66
2,0.0905567,5.40308,2.95464,31.7289,67
2,0.09631,5.40328,2.96473,31.7289,68
2,0.102295,5.404,2.97502,31.7289,69
2,0.108622,5.40415,2.98526,31.7502,70
2,0.115188,5.40253,2.99564,31.7502,71
2,0.121953,5.40215,3.00567,31.7502,72
2,0.128912,5.40362,3.01607,31.7502,73
2,0.136312,5.40216,3.02609,31.7502,74
2,0.14389,5.40223,3.03636,31.7502,75
2,0.151817,5.40306,3.04651,31.7502,76
2,0.159978,5.40268,3.05662,31.6613,77
2,0.168327,5.4012,3.06672,31.6613,78
2,0.177307,5.40113,3.07674,31.6613,79
2,0.186418,5.40163,3.08691,31.6613,80
2,0.195955,5.4019,3.09705,31.6613,81
2,0.205913,5.40009,3.10715,31.6613,82
2,0.205915,5.40009,3.10715,31.6585,83
2,0.216283,5.39994,3.11716,31.6585,84
2,0.2268,5.40063,3.12723,31.6585,85
2,0.238197,5.40009,3.13732,31.6585,86
2,0.249702,5.40005,3.14734,31.6585,87
2,0.261845,5.40107,3.15741,31.6869,88
2,0.274595,5.39931,3.16751,31.6869,89
2,0.287718,5.40092,3.1776,31.6869,90
2,0.301245,5.39979,3.18762,31.6453,91
2,0.315347,5.40017,3.1977,31.6453,92
2,0.330222,5.399,3.20775,31.6453,93
2,0.34596,5.39943,3.2179,31.6545,94
2,0.361868,5.40055,3.22798,31.6545,95
2,0.378983,5.39954,3.23801,31.6545,96
2,0.396488,5.39921,3.2481,31.6406,97
2,0.414953,5.39983,3.25823,31.6406,98
2,0.43424,5.40064,3.2683,31.6406,99
2,0.45461,5.40028,3.27837,31.6467,100
2,0.475412,5.40037,3.2885,31.6467,101
2,0.497348,5.39958,3.29852,31.6406,102
2,0.52054,5.4002,3.30857,31.6406,103
2,0.544745,5.40039,3.3186,31.6406,104
2,0.544747,5.40039,3.3186,31.6104,105
2,0.57029,5.39987,3.32872,31.6104,106
2,0.597723,5.39967,3.33883,31.6073,107
2,0.626985,5.39961,3.34892,31.6073,108
2,0.658345,5.40071,3.35895,31.5629,109
2,0.695005,5.40045,3.36897,31.5629,110
2,0.695007,5.40045,3.36897,31.6467,111
2,0.738493,5.40014,3.37908,31.5789,112
2,0.792073,5.39967,3.38928,31.5819,113
2,0.862517,5.40041,3.39932,31.6113,114
2,0.94593,5.39953,3.40849,31.6113,115
2,0.945932,5.39953,3.40849,31.6294,116
2,1.02945,5.40039,3.41592,31.6566,117
2,1.11293,5.39998,3.4222,31.6566,118
2,1.11294,5.39998,3.4222,31.696,119
2,1.19642,5.4011,3.42767,31.7322,120
2,1.27985,5.40094,3.43281,31.7219,121
2,1.36325,5.40061,3.43746,31.8101,122
2,1.44662,5.40004,3.44208,31.8967,123
2,1.53002,5.40035,3.44629,31.8915,124
2,1.61355,5.39938,3.45039,31.8915,125
2,1.61355,5.39938,3.45039,31.9215,126
2,1.697,5.39978,3.45442,31.9215,127
2,1.697,5.39978,3.45442,31.9708,128
2,1.78042,5.40051,3.4581,31.9708,129
2,1.78043,5.40051,3.4581,32.037,130
2,1.86386,5.39964,3.46145,32.1115,131
2,1.94727,5.4015,3.46472,32.1115,132
2,1.94727,5.4015,3.46472,32.0883,133
2,2.03069,5.39994,3.46774,32.0883,134
2,2.03069,5.39994,3.46774,32.1043,135
2,2.11406,5.39984,3.47054,32.1043,136
2,2.11407,5.39984,3.47054,32.1927,137
2,2.19742,5.39958,3.47316,32.236,138
2,2.28075,5.40018,3.4755,32.236,139
2,2.28075,5.40018,3.4755,32.2822,140
2,2.36411,5.39986,3.47792,32.2822,141
2,2.36411,5.39986,3.47792,32.2991,142
2,2.44763,5.39877,3.47998,32.2991,143
2,2.44763,5.39877,3.47998,32.3638,144
2,2.53101,5.39992,3.48214,32.3638,145
2,2.53101,5.39992,3.48214,32.4261,146
2,2.61441,5.39912,3.4841,32.4261,147
2,2.61441,5.39912,3.4841,32.4402,148
2,2.69781,5.39953,3.48608,32.4402,149
2,2.69782,5.39953,3.48608,32.5346,150
2,2.78119,5.39967,3.48789,32.5881,151
2,2.86467,5.39989,3.48973,32.6363,152
2,2.94816,5.40056,3.49147,32.6363,153
2,2.94817,5.40056,3.49147,32.6602,154
2,3.03156,5.40082,3.49323,32.6602,155
2,3.03156,5.40082,3.49323,32.7148,156
2,3.11492,5.39996,3.49488,32.7174,157
2,3.19829,5.40027,3.49641,32.7174,158
2,3.19829,5.40027,3.49641,32.7829,159
2,3.2817,5.39923,3.49824,32.8394,160
2,3.3652,5.3997,3.49975,32.8956,161
2,3.44868,5.39984,3.50135,32.9096,162
2,3.53207,5.39868,3.50283,32.9096,163
2,3.53208,5.39868,3.50283,32.9578,164
2,3.61554,5.39959,3.50438,32.9578,165
2,3.61555,5.39959,3.50438,32.9869,166
2,3.69893,5.40031,3.50586,33.0351,167
2,3.78236,5.39962,3.50747,33.0166,168
2,3.86584,5.39916,3.50901,33.0166,169
2,3.86585,5.39916,3.50901,33.095,170
2,3.94924,5.39927,3.51048,33.1573,171
2,4.03272,5.39998,3.51206,33.1573,172
2,4.03272,5.39998,3.51206,33.1896,173
2,4.1161,5.40026,3.51356,33.2336,174
2,4.19952,5.39975,3.51494,33.2336,175
2,4.19952,5.39975,3.51494,33.2988,176
2,4.28302,5.3994,3.51623,33.2988,177
2,4.28302,5.3994,3.51623,33.3671,178
2,4.36642,5.39948,3.51791,33.3671,179
2,4.36642,5.39948,3.51791,33.3868,180
2,4.44976,5.39901,3.51941,33.4048,181
2,4.53323,5.39897,3.52082,33.4308,182
2,4.61661,5.39982,3.52238,33.4572,183
2,4.69997,5.39829,3.52385,33.4572,184
2,4.69997,5.39829,3.52385,33.511,185
2,4.78337,5.39971,3.52541,33.5253,186
2,4.86681,5.40082,3.52693,33.5491,187
2,4.9502,5.39938,3.52846,33.5491,188
2,4.9502,5.39938,3.52846,33.6504,189
2,5.0336,5.39988,3.52986,33.6504,190
2,5.0336,5.39988,3.52986,33.6746,191
2,5.1171,5.40032,3.53162,33.6746,192
2,5.1171,5.40032,3.53162,33.742,193
2,5.20046,5.39984,3.53302,33.742,194
2,5.20046,5.39984,3.53302,33.7892,195
2,5.28388,5.40021,3.53471,33.7899,196
2,5.36725,5.40052,3.53623,33.8518,197
2,5.45058,5.3989,3.53776,33.8518,198
2,5.45058,5.3989,3.53776,33.8812,199
2,5.5341,5.40065,3.53941,33.9292,200
2,5.61759,5.40131,3.5411,33.9511,201
2,5.70097,5.40023,3.54268,33.9792,202
2,5.78439,5.40116,3.54445,33.9792,203
2,5.78439,5.40116,3.54445,34.0081,204
2,5.8679,5.40005,3.54601,34.0081,205
2,5.8679,5.40005,3.54601,34.0532,206
2,5.95139,5.40178,3.54769,34.0661,207
2,6.03478,5.40051,3.54937,34.0661,208
2,6.03478,5.40051,3.54937,34.11,209
2,6.11815,5.39818,3.55107,34.1252,210
2,6.20163,5.39984,3.55276,34.1252,211
2,6.20163,5.39984,3.55276,34.1854,212
2,6.28507,5.4015,3.55457,34.2779,213
2,6.36857,5.39983,3.55636,34.2779,214
2,6.36857,5.39983,3.55636,34.3843,215
2,6.45203,5.39994,3.55811,34.3689,216
2,6.53553,5.4,3.55984,34.3689,217
2,6.53554,5.4,3.55984,34.3869,218
2,6.61906,5.39963,3.56156,34.3869,219
2,6.61906,5.39963,3.56156,34.4401,220
2,6.67396,5.40063,3.56273,34.456,221
2,6.67525,0.000191602,3.46183,34.456,222
2,6.67786,0.827962,3.47187,34.456,223
2,6.67989,1.51211,3.48266,34.456,224
2,6.68179,2.16032,3.49372,34.456,225
2,6.68364,2.77221,3.50448,34.456,226
2,6.68534,3.34805,3.51503,34.456,227
2,6.76871,3.60027,3.51173,34.5311,228
2,6.85205,3.60017,3.50653,34.5339,229
2,6.93539,3.59972,3.50314,34.4947,230
2,7.01886,3.59985,3.5012,34.4947,231
2,7.01886,3.59985,3.5012,34.4698,232
2,7.10234,3.60018,3.50038,34.4908,233
2,7.18579,3.59969,3.49981,34.4908,234
2,7.18579,3.59969,3.49981,34.4455,235
2,7.26921,3.60005,3.49978,34.4023,236
2,7.35271,3.59979,3.50003,34.4005,237
2,7.43606,3.60019,3.50053,34.4254,238
2,7.51947,3.60008,3.50122,34.4254,239
2,7.51947,3.60008,3.50122,34.3423,240
2,7.60282,3.60005,3.50186,34.3755,241
2,7.68619,3.60015,3.50275,34.3304,242
2,7.76967,3.5999,3.50373,34.3304,243
2,7.76967,3.5999,3.50373,34.3547,244
2,7.85322,3.60001,3.50466,34.3547,245
2,7.85322,3.60001,3.50466,34.3288,246
2,7.93664,3.60001,3.5058,34.2874,247
2,8.02016,3.59995,3.50688,34.2874,248
2,8.02016,3.59995,3.50688,34.2664,249
2,8.10367,3.60001,3.50795,34.2986,250
2,8.1872,3.60026,3.50906,34.2314,251
2,8.27055,3.59996,3.51013,34.2141,252
2,8.354,3.5999,3.51135,34.16,253
2,8.43734,3.60013,3.51266,34.1401,254
2,8.52082,3.60014,3.51391,34.1441,255
2,8.60418,3.60006,3.51516,34.1441,256
2,8.60418,3.60006,3.51516,34.1534,257
2,8.68768,3.60004,3.51648,34.107,258
2,8.77118,3.59987,3.51763,34.107,259
2,8.77118,3.59987,3.51763,34.1271,260
2,8.85458,3.60017,3.51905,34.0799,261
2,8.93795,3.59991,3.52049,34.0591,262
2,9.02134,3.60009,3.5218,34.07,263
2,9.10473,3.5999,3.52335,34.0397,264
2,9.1882,3.59981,3.52477,34.0556,265
2,9.27173,3.60004,3.52631,33.9942,266
2,9.35519,3.59988,3.52792,33.9937,267
2,9.43859,3.59991,3.52938,33.9645,268
2,9.52205,3.59962,3.53095,33.9633,269
2,9.6056,3.6001,3.53263,33.9633,270
2,9.6056,3.6001,3.53263,34.0084,271
2,9.68903,3.59989,3.53443,34.0084,272
2,9.68903,3.59989,3.53443,33.9199,273
2,9.77252,3.6,3.53612,33.9199,274
2,9.77252,3.6,3.53612,33.9703,275
2,9.85597,3.59996,3.53798,33.9483,276
2,9.93935,3.59992,3.53994,33.9229,277
2,10.0126,3.59991,3.54155,33.9411,278
2,10.0969,0,3.4355,33.9411,279
2,10.0969,0,3.4355,33.914,280
2,10.1804,0,3.41707,33.8587,281
2,10.2636,0,3.40442,33.8587,282
2,10.2636,0,3.40442,33.7643,283
2,10.347,0,3.39504,33.7643,284
2,10.347,0,3.39504,33.7668,285
2,10.4303,0,3.38796,33.7084,286
2,10.5137,0,3.38235,33.6474,287
2,10.5969,0,3.37797,33.6474,288
2,10.5969,0,3.37797,33.5875,289
2,10.6804,0,3.37442,33.4797,290
2,10.7637,0,3.37147,33.4056,291
2,10.8469,0,3.36911,33.4056,292
2,10.8469,0,3.36911,33.3754,293
2,10.9303,0,3.367,33.2739,294
2,11.0137,0,3.36531,33.2189,295
2,11.0273,-2.25414E-05,3.29838,33.2189,296
2,11.1113,0.999886,3.39048,33.1143,297
2,11.1944,0.999778,3.39392,33.0876,298
2,11.2779,1.0003,3.39646,33.0876,299
2,11.2779,1.0003,3.39646,33.0202,300
2,11.3613,1.00007,3.39855,33.0202,301
2,11.3613,1.00007,3.39855,32.947,302
2,11.4445,1.00003,3.40029,32.947,303
2,11.4445,1.00003,3.40029,32.9027,304
2,11.5278,1.00002,3.40184,32.8416,305
2,11.6112,1.00002,3.40297,32.7561,306
2,11.6944,0.999902,3.40429,32.7561,307
2,11.6944,0.999902,3.40429,32.7603,308
2,11.7779,1.00008,3.40543,32.7603,309
2,11.7779,1.00008,3.40543,32.6809,310
2,11.8612,0.999667,3.40633,32.5933,311
2,11.9445,1.00004,3.40731,32.5432,312
2,12.0279,1.00006,3.40813,32.5291,313
2,12.1112,1.00011,3.40909,32.5291,314
2,12.1112,1.00011,3.40909,32.4729,315
2,12.1946,0.999934,3.40969,32.4206,316
2,12.2778,1.00009,3.41063,32.4206,317
2,12.2778,1.00009,3.41063,32.3808,318
2,12.3611,1.00021,3.41127,32.3173,319
2,12.4445,0.999781,3.41204,32.283,320
2,12.5279,1.00003,3.41287,32.2519,321
2,12.6111,0.999946,3.41361,32.1503,322
2,12.6945,0.999818,3.41423,32.1503,323
2,12.6945,0.999818,3.41423,32.1909,324
2,12.7778,1.00024,3.41502,32.0851,325
2,12.8611,1.00032,3.41557,32.0851,326
2,12.8611,1.00032,3.41557,32.068,327
2,12.9445,0.999745,3.41638,32.068,328
2,12.9445,0.999745,3.41638,31.9934,329
2,13.0278,0.999949,3.4171,31.9934,330
2,13.0278,0.999949,3.4171,31.9967,331
2,13.1111,1.00026,3.41776,31.9967,332
2,13.1111,1.00026,3.41776,31.9299,333
2,13.1945,0.999735,3.41834,31.9061,334
2,13.2779,0.999799,3.41908,31.9061,335
2,13.2779,0.999799,3.41908,31.8921,336
2,13.3611,1.00019,3.41977,31.8508,337
2,13.4444,0.999734,3.42041,31.7743,338
2,13.5278,1.00023,3.42114,31.7743,339
2,13.5278,1.00023,3.42114,31.7278,340
2,13.6111,0.999892,3.42178,31.6767,341
2,13.6945,0.999942,3.42252,31.6393,342
2,13.7778,1.00005,3.4231,31.6597,343
2,13.8612,0.999908,3.42385,31.6517,344
2,13.9445,1.00001,3.42451,31.6517,345
2,13.9445,1.00001,3.42451,31.583,346
2,14.0279,0.999862,3.42515,31.583,347
2,14.0279,0.999862,3.42515,31.5844,348
2,14.1111,1.00005,3.42601,31.5794,349
2,14.1945,1.0001,3.42663,31.5794,350
2,14.1945,1.0001,3.42663,31.5301,351
2,14.2778,0.99972,3.42704,31.5301,352
2,14.2778,0.99972,3.42704,31.4362,353
2,14.3611,1.00012,3.42804,31.4435,354
2,14.4444,1.00027,3.42869,31.4306,355
2,14.5279,0.999928,3.42945,31.3871,356
2,14.6111,1.00035,3.42992,31.3883,357
2,14.6944,0.999972,3.43094,31.3883,358
2,14.6944,0.999972,3.43094,31.2922,359
2,14.7778,0.999626,3.43167,31.2884,360
2,14.8611,0.99997,3.43216,31.2884,361
2,14.8611,0.99997,3.43216,31.2896,362
2,14.9445,0.999883,3.43304,31.2602,363
2,15.0279,0.999949,3.43371,31.2391,364
2,15.1111,1.00003,3.43449,31.2391,365
2,15.1111,1.00003,3.43449,31.2433,366
2,15.1944,1.00039,3.43531,31.1745,367
2,15.2778,1.00017,3.43602,31.1381,368
2,15.3612,0.999886,3.43685,31.1315,369
2,15.4444,1.00006,3.43772,31.0554,370
2,15.5278,0.999955,3.43855,31.0678,371
2,15.6111,1.0002,3.43947,31.0678,372
2,15.6111,1.0002,3.43947,31.0417,373
2,15.6945,0.999828,3.44029,31.0417,374
2,15.6945,0.999828,3.44029,31.0187,375
2,15.7778,0.999941,3.44123,30.9733,376
2,15.8611,0.999868,3.44203,30.9733,377
2,15.8611,0.999868,3.44203,30.9914,378
2,15.9445,1.00001,3.44311,30.9914,379
2,15.9445,1.00001,3.44311,30.9907,380
2,16.0279,1.00023,3.44398,30.9907,381
2,16.0279,1.00023,3.44398,30.9585,382
2,16.1112,0.999784,3.44505,30.9169,383
2,16.1944,1.00044,3.44607,30.8877,384
2,16.2778,0.999814,3.44723,30.8767,385
2,16.3611,0.9998,3.44815,30.8616,386
2,16.4444,0.999927,3.4493,30.8616,387
2,16.4444,0.999927,3.4493,30.8717,388
2,16.5279,1.00001,3.4505,30.8717,389
2,16.5279,1.00001,3.4505,30.7909,390
2,16.6112,1.00011,3.45186,30.8111,391
2,16.6945,0.999979,3.45307,30.7415,392
2,16.7778,1.00016,3.4544,30.7415,393
2,16.7778,1.00016,3.4544,30.7718,394
2,16.8611,1.00002,3.45577,30.7718,395
2,16.8611,1.00002,3.45577,30.7537,396
2,16.9445,0.999825,3.45716,30.7537,397
2,16.9445,0.999825,3.45716,30.7335,398
2,17.0279,0.999976,3.45881,30.7154,399
2,17.1112,1.00011,3.46023,30.6669,400
2,17.1946,1.00009,3.4619,30.6669,401
2,17.1946,1.00009,3.4619,30.6932,402
2,17.2778,1.00001,3.46365,30.6932,403
2,17.2778,1.00001,3.46365,30.6803,404
2,17.3611,0.999764,3.46541,30.653,405
2,17.4445,1.00025,3.4674,30.6307,406
2,17.5278,1,3.46947,30.6025,407
2,17.6111,1.00023,3.47158,30.6025,408
2,17.6111,1.00023,3.47158,30.5966,409
2,17.6944,1.00002,3.47379,30.5571,410
2,17.7778,1.00012,3.47621,30.5571,411
2,17.7778,1.00012,3.47621,30.5277,412
2,17.8612,1.00005,3.47865,30.5277,413
2,17.8612,1.00005,3.47865,30.5805,414
2,17.9445,0.999902,3.48133,30.5594,415
2,18.0278,1.00017,3.48416,30.5594,416
2,18.0278,1.00017,3.48416,30.5634,417
2,18.1112,1.00008,3.48715,30.5634,418
2,18.1112,1.00008,3.48715,30.5333,419
2,18.1945,1.00023,3.49035,30.5203,420
2,18.2778,1.00006,3.49372,30.509,421
2,18.3612,0.999491,3.4973,30.5151,422
2,18.4444,0.999795,3.50119,30.5151,423
2,18.4444,0.999795,3.50119,30.5079,424
2,18.5278,0.999852,3.50533,30.4613,425
2,18.6111,1.00003,3.50978,30.4229,426
2,18.6945,0.999952,3.51433,30.43,427
2,18.7779,1.00002,3.51955,30.4281,428
2,18.8611,1.00009,3.52504,30.4281,429
2,18.8611,1.00009,3.52504,30.409,430
2,18.9444,1.00007,3.5307,30.4182,431
2,19.0278,1.00013,3.53694,30.3996,432
2,19.1111,0.999595,3.54374,30.3603,433
2,19.1944,0.99995,3.55121,30.3827,434
2,19.2778,1.00009,3.55892,30.3827,435
2,19.2778,1.00009,3.55892,30.3535,436
2,19.3611,1.00004,3.56741,30.3617,437
2,19.4445,0.999828,3.57662,30.3939,438
2,19.5278,0.999898,3.58663,30.3939,439
2,19.5278,0.999898,3.58663,30.3819,440
2,19.6112,1.00001,3.59735,30.3669,441
2,19.6945,0.82252,3.6004,30.38,442
2,19.7778,0.709196,3.60035,30.3619,443
2,19.8611,0.641968,3.60031,30.3619,444
2,19.8611,0.641968,3.60031,30.3812,445
2,19.9445,0.596915,3.60025,30.3812,446
2,19.9445,0.596915,3.60025,30.3659,447
2,20.0278,0.558216,3.60033,30.3659,448
2,20.0278,0.558216,3.60033,30.3205,449
2,20.1112,0.525548,3.60037,30.3671,450
2,20.1945,0.497535,3.60036,30.3389,451
2,20.2779,0.470047,3.60025,30.3511,452
2,20.3611,0.449728,3.6003,30.3391,453
2,20.4444,0.428832,3.60041,30.3118,454
2,20.5279,0.407505,3.60027,30.3148,455
2,20.6111,0.391965,3.6003,30.3148,456
2,20.6111,0.391965,3.6003,30.2934,457
2,20.6944,0.376001,3.60032,30.2934,458
2,20.6945,0.376001,3.60032,30.2774,459
2,20.7778,0.359989,3.60032,30.2398,460
2,20.8612,0.348529,3.60035,30.2398,461
2,20.8612,0.348529,3.60035,30.2398,462
2,20.9445,0.332018,3.60023,30.2398,463
2,20.9445,0.332018,3.60023,30.2513,464
2,21.0278,0.320323,3.60021,30.2205,465
2,21.1111,0.30977,3.60029,30.2249,466
2,21.1945,0.299002,3.60027,30.1953,467
2,21.2778,0.288896,3.60027,30.1712,468
2,21.3611,0.278177,3.60017,30.1712,469
2,21.3611,0.278177,3.60017,30.1724,470
2,21.4445,0.273079,3.60032,30.1957,471
2,21.5278,0.262966,3.60024,30.1957,472
2,21.5278,0.262966,3.60024,30.1724,473
2,21.6112,0.256688,3.60037,30.1724,474
2,21.6112,0.256688,3.60037,30.2131,475
2,21.6945,0.246345,3.60027,30.2131,476
2,21.6945,0.246345,3.60027,30.1312,477
2,21.7778,0.241332,3.60025,30.1312,478
2,21.7778,0.241332,3.60025,30.1768,479
2,21.8611,0.235271,3.60026,30.1404,480
2,21.9445,0.229344,3.60027,30.1404,481
2,21.9445,0.229344,3.60027,30.1211,482
2,22.0278,0.220691,3.60017,30.1211,483
2,22.0278,0.220691,3.60017,30.1243,484
2,22.1112,0.21523,3.60028,30.1112,485
2,22.1945,0.208308,3.60012,30.1112,486
2,22.1945,0.208308,3.60012,30.0829,487
2,22.2779,0.208318,3.60032,30.0829,488
2,22.2779,0.208318,3.60032,30.0627,489
2,22.3611,0.202397,3.60023,30.0565,490
2,22.4445,0.192705,3.60014,30.0546,491
2,22.5278,0.192704,3.60025,30.0546,492
2,22.6111,0.187456,3.60024,30.0546,493
2,22.6111,0.187456,3.60024,30.0151,494
2,22.6945,0.182173,3.60018,30.0026,495
2,22.7778,0.176549,3.6002,30.0193,496
2,22.8611,0.176548,3.60032,30.0193,497
2,22.8611,0.176548,3.60032,29.9237,498
2,22.9444,0.171295,3.60027,29.9237,499
2,22.9444,0.171295,3.60027,29.9612,500
2,23.0278,0.166199,3.60024,29.9442,501
2,23.1111,0.160956,3.60017,29.9096,502
2,23.1945,0.160364,3.6002,29.8905,503
2,23.2778,0.157523,3.60021,29.9108,504
2,23.3612,0.155092,3.60025,29.8915,505
2,23.4445,0.149848,3.60016,29.854,506
2,23.5279,0.145077,3.59997,29.8309,507
2,23.6111,0.144603,3.59983,29.8785,508
2,23.6945,0.144581,3.59999,29.8785,509
2,23.6945,0.144581,3.59999,29.8358,510
2,23.7778,0.14459,3.60025,29.8358,511
2,23.7778,0.14459,3.60025,29.8747,512
2,23.8612,0.138537,3.60022,29.8747,513
2,23.8612,0.138537,3.60022,29.8492,514
2,23.9445,0.134946,3.6002,29.8485,515
2,24.0279,0.133258,3.60019,29.8283,516
2,24.1111,0.133257,3.60033,29.8758,517
2,24.1945,0.127936,3.60015,29.8007,518
2,24.2778,0.12793,3.60021,29.8007,519
2,24.2778,0.12793,3.60021,29.8415,520
2,24.3611,0.122869,3.60012,29.8415,521
2,24.3611,0.122869,3.60012,29.7745,522
2,24.4445,0.12288,3.60013,29.7835,523
2,24.5278,0.11762,3.59996,29.7432,524
2,24.6111,0.117611,3.5999,29.8059,525
2,24.6945,0.11762,3.60002,29.7503,526
2,24.7778,0.11762,3.60017,29.7307,527
2,24.8611,0.112594,3.60015,29.7307,528
2,24.8611,0.112594,3.60015,29.7738,529
2,24.9445,0.112577,3.60018,29.7738,530
2,24.9445,0.112577,3.60018,29.6928,531
2,25.0278,0.112593,3.60034,29.7698,532
2,25.1111,0.107104,3.60013,29.7698,533
2,25.1111,0.107104,3.60013,29.6883,534
2,25.1945,0.107156,3.60015,29.6631,535
2,25.2779,0.107104,3.60021,29.6855,536
2,25.3611,0.103393,3.60024,29.6419,537
2,25.4445,0.101806,3.60013,29.6419,538
2,25.4445,0.101806,3.60013,29.653,539
2,25.5278,0.101806,3.60021,29.6336,540
2,25.6112,0.0963844,3.59995,29.6497,541
2,25.6945,0.0963705,3.59985,29.5809,542
2,25.7778,0.0963558,3.59982,29.5809,543
2,25.7778,0.0963558,3.59982,29.5931,544
2,25.8611,0.0963766,3.59989,29.5931,545
2,25.8611,0.0963766,3.59989,29.6275,546
2,25.9444,0.0963523,3.59999,29.599,547
2,26.0278,0.096348,3.60018,29.586,548
2,26.1111,0.0904742,3.60012,29.586,549
2,26.1111,0.0904742,3.60012,29.5898,550
2,26.1945,0.090482,3.60006,29.5759,551
2,26.2778,0.0904673,3.60004,29.5627,552
2,26.3611,0.0904707,3.60017,29.5627,553
2,26.3611,0.0904707,3.60017,29.6153,554
2,26.4444,0.0904699,3.60026,29.5778,555
2,26.5278,0.0852281,3.60007,29.5929,556
2,26.6111,0.0852507,3.6,29.5929,557
2,26.6111,0.0852507,3.6,29.5615,558
2,26.6946,0.0852195,3.60005,29.5344,559
2,26.7778,0.0852377,3.60013,29.5771,560
2,26.8612,0.0852541,3.60025,29.5415,561
2,26.9446,0.0799604,3.6,29.5415,562
2,26.9446,0.0799604,3.6,29.5688,563
2,27.0278,0.0799665,3.59996,29.5507,564
2,27.1111,0.0799543,3.59993,29.5009,565
2,27.1946,0.0799656,3.59999,29.5009,566
2,27.1946,0.0799656,3.59999,29.4939,567
2,27.2778,0.0799786,3.60005,29.495,568
2,27.3611,0.0799526,3.60019,29.495,569
2,27.3611,0.0799526,3.60019,29.5323,570
2,27.4446,0.0769459,3.60017,29.5448,571
2,27.5278,0.0749094,3.60006,29.4746,572
2,27.6112,0.0749068,3.60002,29.4788,573
2,27.6945,0.0749198,3.60001,29.4788,574
2,27.6945,0.0749198,3.60001,29.5042,575
2,27.7778,0.074886,3.60007,29.5042,576
2,27.7778,0.074886,3.60007,29.5052,577
2,27.8611,0.0749016,3.60012,29.5082,578
2,27.9445,0.0749016,3.60022,29.5002,579
2,28.0278,0.0696555,3.60012,29.5459,580
2,28.1112,0.0696434,3.60001,29.5459,581
2,28.1112,0.0696434,3.60001,29.5155,582
2,28.1945,0.0696555,3.59998,29.5155,583
2,28.1945,0.0696555,3.59998,29.5348,584
2,28.2778,0.0697127,3.59998,29.4874,585
2,28.3611,0.0697231,3.59999,29.4802,586
2,28.4445,0.0697032,3.60007,29.4802,587
2,28.5278,0.0635737,3.59973,29.4802,588
2,28.5278,0.0635737,3.59973,29.5259,589
2,28.6111,0.0686342,3.59989,29.512,590
2,28.6945,0.0686247,3.6,29.5148,591
2,28.7778,0.0686385,3.60013,29.5148,592
2,28.7778,0.0686385,3.60013,29.5108,593
2,28.8612,0.0686385,3.60028,29.507,594
2,28.9444,0.0633647,3.60004,29.5157,595
2,29.0278,0.0633777,3.59995,29.4511,596
2,29.1112,0.0633691,3.59998,29.4396,597
2,29.1945,0.0633682,3.59998,29.4396,598
2,29.1945,0.0633682,3.59998,29.4823,599
2,29.2778,0.063389,3.59999,29.4658,600
2,29.3612,0.0633751,3.60002,29.4547,601
2,29.4444,0.0633838,3.60007,29.4547,602
2,29.4444,0.0633838,3.60007,29.4486,603
2,29.5278,0.0633864,3.60016,29.416,604
2,29.6111,0.0633916,3.60029,29.4578,605
2,29.6945,0.0581325,3.60005,29.4578,606
2,29.6945,0.0581325,3.60005,29.4243,607
2,29.7778,0.0581412,3.59996,29.405,608
2,29.8612,0.0581386,3.59991,29.405,609
2,29.8612,0.0581386,3.59991,29.4302,610
2,29.9445,0.0581863,3.59986,29.4627,611
2,30.0278,0.0581793,3.5999,29.4417,612
2,30.1111,0.0581906,3.59993,29.4417,613
2,30.1111,0.0581906,3.59993,29.3988,614
2,30.1945,0.0581785,3.59996,29.4264,615
2,30.2779,0.0581837,3.59998,29.4264,616
2,30.2779,0.0581837,3.59998,29.4203,617
2,30.3612,0.0581828,3.60008,29.4203,618
2,30.3612,0.0581828,3.60008,29.4354,619
2,30.4444,0.0581863,3.60012,29.397,620
2,30.5279,0.0581906,3.60025,29.4073,621
2,30.6111,0.0527391,3.60008,29.4073,622
2,30.6111,0.0527391,3.60008,29.4346,623
2,30.6945,0.0526957,3.59992,29.4092,624
2,30.7779,0.0527104,3.59981,29.3939,625
2,30.8611,0.0527009,3.59974,29.3918,626
2,30.9445,0.0579921,3.60017,29.4255,627
2,31.0278,0.0579704,3.60036,29.3962,628
2,31.0279,0.0579695,3.60035,29.3962,629
2,31.0297,-0.399732,3.59002,29.3962,630
2,31.031,-0.879995,3.57851,29.3962,631
2,31.0321,-1.2798,3.56807,29.3962,632
2,31.0333,-1.71987,3.55599,29.3962,633
2,31.0342,-2.07949,3.54573,29.3962,634
2,31.0352,-2.44001,3.53497,29.3962,635
2,31.0362,-2.79998,3.52399,29.3962,636
2,31.0371,-3.15995,3.51268,29.3962,637
2,31.0379,-3.48015,3.50264,29.3962,638
2,31.0389,-3.8398,3.49063,29.3962,639
2,31.0405,-4.00015,3.48058,29.3962,640
2,31.0431,-3.99955,3.47011,29.3962,641
2,31.0463,-3.99946,3.46006,29.3962,642
2,31.0499,-3.9997,3.44975,29.3962,643
2,31.054,-3.99975,3.43957,29.3962,644
2,31.0586,-3.99965,3.42948,29.3962,645
2,31.0638,-4.00007,3.41896,29.3962,646
2,31.0696,-3.99984,3.40894,29.4743,647
2,31.0759,-3.99983,3.39881,29.4743,648
2,31.0833,-3.99993,3.3886,29.4743,649
2,31.0914,-4.00013,3.37837,29.4743,650
2,31.1004,-4.00006,3.36821,29.4743,651
2,31.1104,-4.00009,3.35809,29.4743,652
2,31.1215,-3.99999,3.34796,29.4743,653
2,31.1215,-3.99999,3.34796,29.4165,654
2,31.1335,-4.00011,3.33785,29.4165,655
2,31.1469,-4.00011,3.32772,29.4165,656
2,31.1617,-3.99989,3.3176,29.4165,657
2,31.1617,-3.99989,3.3176,29.4509,658
2,31.1778,-3.99997,3.3076,29.4509,659
2,31.1956,-4.00014,3.29758,29.4509,660
2,31.2152,-3.99999,3.28745,29.4886,661
2,31.2373,-3.99976,3.27735,29.4886,662
2,31.2619,-4.00004,3.26733,29.4886,663
2,31.2619,-4.00004,3.26733,29.511,664
2,31.2895,-3.9999,3.2573,29.511,665
2,31.321,-4.00007,3.24717,29.5007,666
2,31.3582,-4.00033,3.23716,29.5138,667
2,31.4023,-3.99975,3.22715,29.5138,668
2,31.4023,-3.99975,3.22715,29.5815,669
2,31.4565,-4.0001,3.21708,29.5697,670
2,31.5276,-4.00015,3.20704,29.5697,671
2,31.5276,-4.00015,3.20704,29.5869,672
2,31.611,-4.00004,3.19814,29.5869,673
2,31.611,-4.00004,3.19814,29.6541,674
2,31.6945,-4.00003,3.19155,29.6541,675
2,31.6945,-4.00003,3.19155,29.6645,676
2,31.7779,-3.99996,3.18651,29.6645,677
2,31.7779,-3.99996,3.18651,29.6713,678
2,31.8614,-4.00001,3.18257,29.6772,679
2,31.9448,-3.9998,3.17949,29.7623,680
2,32.0282,-4.00005,3.17668,29.756,681
2,32.1116,-4.0002,3.17437,29.7984,682
2,32.1949,-4.00019,3.17243,29.7984,683
2,32.1949,-4.00019,3.17243,29.8519,684
2,32.2784,-3.99952,3.17064,29.8519,685
2,32.2784,-3.99952,3.17064,29.8924,686
2,32.3618,-3.99973,3.16906,29.948,687
2,32.4452,-4.00011,3.16747,29.948,688
2,32.4452,-4.00011,3.16747,29.9902,689
2,32.5286,-3.99997,3.16613,29.9953,690
2,32.6121,-4.00006,3.16472,29.9953,691
2,32.6121,-4.00006,3.16472,30.0187,692
2,32.6956,-3.99989,3.16359,30.0187,693
2,32.6956,-3.99989,3.16359,30.1147,694
2,32.779,-3.99984,3.16244,30.155,695
2,32.8625,-3.99986,3.16129,30.1783,696
2,32.9458,-3.99991,3.16005,30.2197,697
2,33.0293,-4.00015,3.15915,30.2197,698
2,33.0293,-4.00015,3.15915,30.2139,699
2,33.1127,-4.00019,3.15805,30.2139,700
2,33.1127,-4.00019,3.15805,30.3222,701
2,33.196,-4.0002,3.15706,30.3222,702
2,33.196,-4.0002,3.15706,30.3262,703
2,33.2795,-3.99993,3.15613,30.3848,704
2,33.363,-3.99995,3.15519,30.3704,705
2,33.4464,-4.00016,3.15419,30.3704,706
2,33.4464,-4.00016,3.15419,30.4474,707
2,33.5299,-3.99997,3.15328,30.4474,708
2,33.5299,-3.99997,3.15328,30.4773,709
2,33.6133,-3.99986,3.15235,30.4996,710
2,33.6966,-4.00009,3.15128,30.4996,711
2,33.6966,-4.00009,3.15128,30.5481,712
2,33.7801,-3.99998,3.15044,30.5481,713
2,33.7801,-3.99998,3.15044,30.5902,714
2,33.8636,-4.00043,3.14956,30.5902,715
2,33.8636,-4.00043,3.14956,30.638,716
2,33.947,-3.99998,3.1485,30.6723,717
2,34.0304,-3.99999,3.14774,30.6723,718
2,34.0304,-3.99999,3.14774,30.749,719
2,34.1137,-4.00019,3.14669,30.7692,720
2,34.1972,-3.99991,3.1459,30.8003,721
2,34.2805,-4.00008,3.14501,30.8003,722
2,34.2805,-4.00008,3.14501,30.8682,723
2,34.364,-4.00039,3.14415,30.8682,724
2,34.364,-4.00039,3.14415,30.8313,725
2,34.4476,-4.0002,3.14304,30.8313,726
2,34.4476,-4.0002,3.14304,30.8788,727
2,34.5312,-4.00018,3.14218,30.922,728
2,34.6148,-4.00014,3.14117,30.922,729
2,34.6148,-4.00014,3.14117,30.9545,730
2,34.6982,-3.99993,3.14034,30.9096,731
2,34.7816,-3.9999,3.13937,30.9096,732
2,34.7816,-3.9999,3.13937,30.963,733
2,34.8652,-3.99955,3.13854,31.0532,734
2,34.9487,-3.99996,3.13741,31.048,735
2,35.0322,-4.00007,3.13659,31.0286,736
2,35.1157,-4.0001,3.1355,31.0286,737
2,35.1157,-4.0001,3.1355,31.0751,738
2,35.1992,-4.00029,3.13463,31.101,739
2,35.2826,-3.99963,3.13351,31.101,740
2,35.2826,-3.99963,3.13351,31.113,741
2,35.366,-4.00012,3.13263,31.113,742
2,35.366,-4.00012,3.13263,31.1433,743
2,35.4495,-4.00016,3.13175,31.2067,744
2,35.533,-3.99996,3.13062,31.1774,745
2,35.6164,-3.99992,3.12955,31.2307,746
2,35.6999,-4.00031,3.12845,31.2307,747
2,35.6999,-4.00031,3.12845,31.2417,748
2,35.7833,-4.00014,3.12758,31.289,749
2,35.8669,-4.00001,3.12659,31.3486,750
2,35.9503,-3.99981,3.12548,31.3486,751
2,35.9503,-3.99981,3.12548,31.3193,752
2,36.0339,-4.00017,3.12449,31.3829,753
2,36.1173,-3.99975,3.12336,31.3829,754
2,36.1173,-3.99975,3.12336,31.3879,755
2,36.2007,-4.0002,3.12232,31.3879,756
2,36.2007,-4.0002,3.12232,31.3918,757
2,36.2843,-4.00004,3.12115,31.3918,758
2,36.2843,-4.00004,3.12115,31.4118,759
2,36.3677,-4.00001,3.12006,31.433,760
2,36.4513,-4,3.11891,31.4811,761
2,36.5348,-3.99997,3.11782,31.4811,762
2,36.5348,-3.99997,3.11782,31.5125,763
2,36.6182,-4.00024,3.1166,31.5125,764
2,36.6182,-4.00024,3.1166,31.5346,765
2,36.7018,-3.99972,3.11525,31.5921,766
2,36.7852,-3.99996,3.11416,31.5921,767
2,36.7852,-3.99996,3.11416,31.5961,768
2,36.8687,-4.00009,3.11305,31.5961,769
2,36.8687,-4.00009,3.11305,31.6494,770
2,36.9522,-4.00014,3.11184,31.5786,771
2,37.0357,-4.00002,3.11062,31.5786,772
2,37.0357,-4.00002,3.11062,31.6481,773
2,37.1192,-4.0001,3.10937,31.6755,774
2,37.2026,-4.00029,3.10815,31.6886,775
2,37.2862,-3.9999,3.10693,31.6886,776
2,37.2862,-3.9999,3.10693,31.7025,777
2,37.3696,-4.00001,3.10568,31.7055,778
2,37.4532,-3.99997,3.10437,31.7429,779
2,37.5366,-3.99975,3.10316,31.7429,780
2,37.5366,-3.99975,3.10316,31.7649,781
2,37.62,-4.00032,3.10179,31.7649,782
2,37.62,-4.00032,3.10179,31.7982,783
2,37.7036,-4.00019,3.10047,31.8831,784
2,37.7871,-3.99998,3.09931,31.8536,785
2,37.8705,-3.99965,3.09793,31.8536,786
2,37.8705,-3.99965,3.09793,31.8313,787
2,37.9539,-4.00007,3.09653,31.8313,788
2,37.9539,-4.00007,3.09653,31.8715,789
2,38.0373,-3.99993,3.0953,31.8715,790
2,38.0373,-3.99993,3.0953,31.8795,791
2,38.1208,-3.99997,3.09394,31.9189,792
2,38.2043,-3.99974,3.09266,31.9036,793
2,38.2877,-3.99979,3.0913,31.924,794
2,38.3713,-4.00022,3.09001,31.9571,795
2,38.4547,-4.00027,3.08862,31.9571,796
2,38.4547,-4.00027,3.08862,32.0115,797
2,38.5382,-3.99989,3.08723,32.0115,798
2,38.5382,-3.99989,3.08723,32.0427,799
2,38.6217,-3.99969,3.08592,32.0427,800
2,38.6217,-3.99969,3.08592,32.065,801
2,38.7052,-3.99996,3.08449,32.065,802
2,38.7052,-3.99996,3.08449,32.0973,803
2,38.7887,-3.99999,3.08308,32.0973,804
2,38.7887,-3.99999,3.08308,32.0526,805
2,38.8721,-4.00019,3.08161,32.1182,806
2,38.9555,-4.00018,3.08018,32.1182,807
2,38.9555,-4.00018,3.08018,32.084,808
2,39.039,-3.99986,3.07886,32.1279,809
2,39.1225,-3.99983,3.07734,32.137,810
2,39.2059,-3.9998,3.07596,32.1298,811
2,39.2893,-3.99993,3.07452,32.1164,812
2,39.3729,-4.00011,3.07293,32.1164,813
2,39.3729,-4.00011,3.07293,32.1626,814
2,39.4564,-3.99992,3.07153,32.1626,815
2,39.4564,-3.99992,3.07153,32.1729,816
2,39.5398,-4.00012,3.06984,32.1729,817
2,39.5398,-4.00012,3.06984,32.2231,818
2,39.6233,-3.99987,3.06815,32.2231,819
2,39.6233,-3.99987,3.06815,32.1989,820
2,39.7068,-4.00004,3.06674,32.2543,821
2,39.7902,-4.00017,3.065,32.2543,822
2,39.7902,-4.00017,3.065,32.2887,823
2,39.8737,-3.99968,3.06335,32.2887,824
2,39.8737,-3.99968,3.06335,32.2514,825
2,39.9572,-4.00018,3.06167,32.2514,826
2,39.9572,-4.00018,3.06167,32.345,827
2,40.0406,-3.99991,3.05998,32.3286,828
2,40.1239,-4.00031,3.0583,32.3659,829
2,40.2075,-4.00009,3.05649,32.3687,830
2,40.2909,-3.99997,3.05471,32.3687,831
2,40.2909,-3.99997,3.05471,32.3546,832
2,40.3743,-4.00017,3.05293,32.3546,833
2,40.3743,-4.00017,3.05293,32.3828,834
2,40.4577,-4.00023,3.05109,32.4071,835
2,40.5411,-3.99982,3.04904,32.4071,836
2,40.5411,-3.99982,3.04904,32.4147,837
2,40.6245,-4.00037,3.04712,32.4147,838
2,40.6245,-4.00037,3.04712,32.4167,839
2,40.7079,-4.00026,3.04519,32.472,840
2,40.7913,-3.99987,3.04304,32.5142,841
2,40.8747,-4.00008,3.04106,32.5142,842
2,40.8748,-4.00008,3.04106,32.5273,843
2,40.9583,-4.00003,3.03897,32.5716,844
2,41.0417,-4.00011,3.03671,32.5463,845
2,41.1253,-3.99985,3.03471,32.6299,846
2,41.2088,-3.99984,3.03235,32.6159,847
2,41.2922,-4.00012,3.03005,32.6159,848
2,41.2922,-4.00012,3.03005,32.6569,849
2,41.3756,-3.99985,3.02784,32.6752,850
2,41.459,-4.00001,3.02538,32.6506,851
2,41.5424,-3.9998,3.02286,32.6506,852
2,41.5424,-3.9998,3.02286,32.711,853
2,41.6257,-4.00005,3.0204,32.7443,854
2,41.7093,-3.99992,3.01775,32.7754,855
2,41.7928,-4.00008,3.01514,32.7815,856
2,41.8762,-3.99992,3.01235,32.7815,857
2,41.8762,-3.99992,3.01235,32.8143,858
2,41.9597,-4.00019,3.0097,32.8143,859
2,41.9597,-4.00019,3.0097,32.8525,860
2,42.0432,-4.00007,3.00676,32.8525,861
2,42.0432,-4.00007,3.00676,32.8878,862
2,42.1268,-3.99989,3.0038,32.8878,863
2,42.1268,-3.99989,3.0038,32.9281,864
2,42.2103,-4.00016,3.00066,32.9541,865
2,42.2937,-3.99984,2.99778,32.9974,866
2,42.3772,-4.00001,2.99459,32.9974,867
2,42.3772,-4.00001,2.99459,33.0285,868
2,42.4607,-4.00003,2.99117,33.0285,869
2,42.4607,-4.00003,2.99117,33.0304,870
2,42.5442,-3.99998,2.98779,33.0304,871
2,42.5442,-3.99998,2.98779,33.0999,872
2,42.6276,-3.99986,2.98409,33.0999,873
2,42.6276,-3.99986,2.98409,33.0905,874
2,42.711,-3.99989,2.98052,33.1528,875
2,42.7944,-3.99997,2.97659,33.2099,876
2,42.878,-4.00002,2.97277,33.2099,877
2,42.878,-4.00002,2.97277,33.1687,878
2,42.9615,-3.99948,2.96858,33.1687,879
2,42.9615,-3.99948,2.96858,33.2417,880
2,43.0449,-3.99978,2.9643,33.2677,881
2,43.1284,-4.00022,2.95953,33.2928,882
2,43.212,-4.00024,2.95477,33.2928,883
2,43.212,-4.00024,2.95477,33.3159,884
2,43.2954,-3.99996,2.94978,33.3159,885
2,43.2954,-3.99996,2.94978,33.3749,886
2,43.3788,-3.99983,2.9445,33.4595,887
2,43.4623,-3.99985,2.93897,33.4614,888
2,43.5458,-4.00025,2.93301,33.5044,889
2,43.6292,-3.99983,2.92671,33.5606,890
2,43.7126,-3.99962,2.92017,33.5606,891
2,43.7126,-3.99962,2.92017,33.5956,892
2,43.796,-4.00038,2.91307,33.6157,893
2,43.8795,-4.00028,2.90549,33.6157,894
2,43.8795,-4.00028,2.90549,33.6898,895
2,43.963,-3.99959,2.89735,33.7602,896
2,44.0464,-4.00022,2.88849,33.7602,897
2,44.0464,-4.00022,2.88849,33.8324,898
2,44.1299,-3.99984,2.87888,33.8324,899
2,44.1299,-3.99984,2.87888,33.8885,900
2,44.21,-3.99993,2.86878,33.9163,901
2,44.2836,-3.99997,2.85878,33.9584,902
2,44.3508,-4.00014,2.84878,33.9584,903
2,44.3508,-4.00014,2.84878,34.0016,904
2,44.4122,-4.00024,2.8387,34.0074,905
2,44.4692,-3.99982,2.82868,34.0854,906
2,44.5214,-3.99988,2.81856,34.1288,907
2,44.5691,-3.99992,2.80853,34.1288,908
2,44.5691,-3.99992,2.80853,34.1959,909
2,44.614,-4.00004,2.79853,34.2344,910
2,44.6547,-4.00023,2.78845,34.2344,911
2,44.6547,-4.00023,2.78845,34.1996,912
2,44.6937,-4.00008,2.77835,34.1996,913
2,44.7294,-3.99974,2.7683,34.2368,914
2,44.7635,-4.00002,2.75816,34.2368,915
2,44.7635,-4.00002,2.75816,34.2648,916
2,44.7953,-4.00002,2.7481,34.3271,917
2,44.8252,-4.00008,2.73808,34.3271,918
2,44.8532,-4.0001,2.72798,34.3157,919
2,44.8803,-4.00035,2.71796,34.3157,920
2,44.9054,-3.99981,2.70774,34.403,921
2,44.9297,-4,2.69772,34.403,922
2,44.9528,-3.99996,2.68762,34.403,923
2,44.9528,-3.99996,2.68762,34.444,924
2,44.9745,-3.99997,2.67761,34.444,925
2,44.9953,-3.99973,2.66747,34.4781,926
2,45.0152,-3.99998,2.6574,34.4781,927
2,45.0343,-4.00017,2.64727,34.5089,928
2,45.0527,-4.0002,2.63691,34.5089,929
2,45.0702,-4.00001,2.6269,34.5089,930
2,45.0871,-3.99999,2.61674,34.5089,931
2,45.0871,-3.99999,2.61674,34.5901,932
2,45.1029,-4.00013,2.60663,34.5901,933
2,45.1181,-3.99983,2.59654,34.5901,934
2,45.1327,-3.99977,2.58648,34.5901,935
2,45.1327,-3.99977,2.58648,34.6111,936
2,45.1467,-4.0002,2.57636,34.6111,937
2,45.1602,-4.00008,2.56633,34.6111,938
2,45.173,-4.00018,2.55632,34.6111,939
2,45.173,-4.00018,2.55632,34.6291,940
2,45.1853,-4.00016,2.54617,34.6291,941
2,45.1972,-3.9998,2.53609,34.6291,942
2,45.2087,-4.00026,2.52596,34.6291,943
2,45.2194,-4.00022,2.5159,34.6851,944
2,45.23,-4.00007,2.50589,34.6851,945
2,45.24,-4.00004,2.49584,34.6851,946
2,45.2496,-3.99977,2.48582,34.6851,947
2,45.2589,-4.00009,2.47579,34.6851,948
2,45.2679,-3.99995,2.46562,34.6851,949
2,45.2679,-3.99995,2.46562,34.7702,950
2,45.2763,-4.00014,2.45555,34.7702,951
2,45.2847,-4.00024,2.44531,34.7702,952
2,45.2926,-3.99976,2.43509,34.7702,953
2,45.3002,-3.99989,2.42493,34.7702,954
2,45.3074,-4.00021,2.41492,34.7702,955
2,45.3142,-4.00005,2.40477,34.7971,956
2,45.321,-3.99991,2.39446,34.7971,957
2,45.3275,-3.99991,2.38409,34.7971,958
2,45.3338,-4.00013,2.37386,34.7971,959
2,45.3396,-3.99998,2.36365,34.7971,960
2,45.345,-4.00012,2.35363,34.7971,961
2,45.3505,-3.99999,2.34338,34.7971,962
2,45.3554,-4.00003,2.33334,34.7971,963
2,45.3602,-4.00008,2.32322,34.839,964
2,45.3649,-3.99993,2.31306,34.839,965
2,45.3694,-4.00013,2.30276,34.839,966
2,45.3737,-4.00015,2.29261,34.839,967
2,45.3778,-4.00002,2.28241,34.839,968
2,45.3817,-3.99982,2.27188,34.839,969
2,45.3853,-4.00057,2.26187,34.839,970
2,45.3889,-4.0003,2.25161,34.839,971
2,45.3922,-4.00003,2.24115,34.839,972
2,45.3956,-4.00016,2.23049,34.839,973
2,45.3986,-4.00015,2.2204,34.839,974
2,45.4014,-4.00043,2.21012,34.839,975
2,45.4042,-4.00016,2.19973,34.839,976
2,45.4069,-3.99973,2.18927,34.8631,977
2,45.4093,-4.00003,2.17922,34.8631,978
2,45.4117,-3.99995,2.16902,34.8631,979
2,45.4139,-4.00004,2.15866,34.8631,980
2,45.4161,-4.0002,2.14853,34.8631,981
2,45.4181,-3.99984,2.13833,34.8631,982
2,45.4201,-4.00003,2.1276,34.8631,983
2,45.422,-4.00006,2.11717,34.8631,984
2,45.4238,-3.99992,2.10682,34.8631,985
2,45.4255,-3.99975,2.09648,34.8631,986
2,45.4273,-3.99994,2.08505,34.8631,987
2,45.429,-4.00017,2.07395,34.8631,988
2,45.4307,-4.00008,2.06311,34.8631,989
2,45.4322,-3.99977,2.0518,34.8631,990
2,45.4337,-4.00001,2.04067,34.8631,991
2,45.4351,-3.99984,2.02988,34.8631,992
2,45.4365,-4.00007,2.01874,34.8631,993
2,45.4379,-3.99993,2.0084,34.8631,994
2,45.4397,-3.99957,2.02617,34.8631,995
2,45.4401,-4.00004,2.01209,34.8631,996
2,45.4406,-4.0002,2.00071,34.8631,997
2,45.524,-1.16084,1.99959,34.958,998
2,45.6075,-0.619591,1.99959,34.958,999
2,45.6075,-0.619591,1.99959,35.0829,1000
2,45.6909,-0.421228,1.99963,35.0959,1001
2,45.7744,-0.338521,2,35.1402,1002
2,45.8578,-0.295076,1.9997,35.1402,1003
2,45.8578,-0.295076,1.9997,35.0659,1004
2,45.9411,-0.265261,2.00002,35.0578,1005
2,46.0245,-0.244156,1.99986,35.0578,1006
2,46.0245,-0.244156,1.99986,35.026,1007
2,46.1079,-0.229042,1.99964,35.026,1008
2,46.1079,-0.229042,1.99964,34.9759,1009
2,46.1913,-0.212807,2.00037,34.9332,1010
2,46.2746,-0.202905,2,34.8591,1011
2,46.358,-0.192132,2.00006,34.8292,1012
2,46.4413,-0.184181,2.00016,34.8355,1013
2,46.5248,-0.175838,2.00008,34.7774,1014
2,46.6083,-0.169816,1.99974,34.616,1015
2,46.6917,-0.162041,2.00025,34.5521,1016
2,46.7752,-0.157626,1.99963,34.5563,1017
2,46.8585,-0.150475,2.00036,34.4974,1018
2,46.942,-0.146119,2.0004,34.4974,1019
2,46.942,-0.146119,2.0004,34.4006,1020
2,47.0255,-0.141639,1.99993,34.3555,1021
2,47.109,-0.137088,1.99992,34.2923,1022
2,47.1925,-0.132956,1.99975,34.2003,1023
2,47.2759,-0.128919,1.99978,34.08,1024
2,47.3594,-0.124926,1.99989,34.08,1025
2,47.3594,-0.124926,1.99989,34.0351,1026
2,47.4427,-0.121073,1.99992,34.0351,1027
2,47.4427,-0.121073,1.99992,33.9672,1028
2,47.5262,-0.116209,2.00013,33.9672,1029
2,47.5262,-0.116209,2.00013,33.9534,1030
2,47.6096,-0.112964,1.99975,33.8994,1031
2,47.693,-0.109907,1.99983,33.8042,1032
2,47.7765,-0.106014,2.00013,33.7091,1033
2,47.8598,-0.103186,1.99983,33.6811,1034
2,47.9433,-0.0986793,2.00029,33.6561,1035
2,48.0267,-0.0969107,1.99969,33.4966,1036
2,48.11,-0.0920478,2.00027,33.4966,1037
2,48.11,-0.0920478,2.00027,33.5555,1038
2,48.1935,-0.0897512,1.99995,33.4608,1039
2,48.2769,-0.0873644,1.99992,33.3913,1040
2,48.3603,-0.0839554,2.00017,33.3438,1041
2,48.4436,-0.0814897,1.99979,33.2229,1042
2,48.527,-0.0776369,2,33.2229,1043
2,48.527,-0.0776369,2,33.3031,1044
2,48.6105,-0.0747967,2.00026,33.1775,1045
2,48.694,-0.0724879,2.00002,33.1021,1046
2,48.7774,-0.069235,2,33.1021,1047
2,48.7774,-0.069235,2,33.0336,1048
2,48.8609,-0.0658876,2.00039,32.9474,1049
2,48.9443,-0.0644008,1.99992,32.9284,1050
2,49.0278,-0.0610794,2.00037,32.8472,1051
2,49.1112,-0.0583345,1.99986,32.8273,1052
2,49.1947,-0.0566561,1.99978,32.779,1053
2,49.278,-0.0540265,2.00032,32.7198,1054
2,49.3616,-0.0524174,1.99995,32.7198,1055
2,49.3616,-0.0524174,1.99995,32.6425,1056
2,49.445,-0.0511863,2.00001,32.6204,1057
2,49.5285,-0.0499006,1.99963,32.5192,1058
2,49.6119,-0.0481536,1.99982,32.4827,1059
2,49.6953,-0.0456533,2.00022,32.4827,1060
2,49.6953,-0.0456533,2.00022,32.4468,1061
2,49.7788,-0.0441508,2.00024,32.4269,1062
2,49.8622,-0.043061,1.99987,32.4269,1063
2,49.8622,-0.043061,1.99987,32.3837,1064
2,49.9457,-0.042233,2.00005,32.3837,1065
2,49.9457,-0.042233,2.00005,32.395,1066
2,50.0291,-0.0414207,1.99985,32.2935,1067
2,50.1124,-0.0402797,1.99971,32.2935,1068
2,50.1124,-0.0402797,1.99971,32.228,1069
2,50.1958,-0.0386992,2.00029,32.1749,1070
2,50.2793,-0.0377152,1.99997,32.1749,1071
2,50.2793,-0.0377152,1.99997,32.1214,1072
2,50.3627,-0.0377508,1.99971,32.1155,1073
2,50.4461,-0.0356171,2.00027,32.0217,1074
2,50.5296,-0.0339907,2.0002,31.9945,1075
2,50.6131,-0.0340548,2.00011,31.9945,1076
2,50.6131,-0.0340548,2.00011,31.9888,1077
2,50.6966,-0.03333,1.99977,31.9213,1078
2,50.78,-0.0316871,2.00021,31.9213,1079
2,50.78,-0.0316871,2.00021,31.8791,1080
2,50.8634,-0.0311843,2.0003,31.8054,1081
2,50.9468,-0.0300711,2.00035,31.7805,1082
2,51.0286,-0.03015,1.99987,31.7672,1083
2,51.0297,-0.03015,2.00187,31.7672,1084
2,51.0378,-0.03015,2.012,31.7672,1085
2,51.0464,0,2.02158,31.7672,1086
